frame,scroll_us,prepare_us,record_us,submit_us,wait_us,text_draws,accessibility_us,accessibility_nodes
0,48.917,156.041,428.417,936.125,9304.042,291,370.041,163
1,46.792,184.375,220.666,343.834,1533.125,291,357.833,163
2,41.916,199.709,235.250,214.875,2787.458,291,306.875,163
3,34.167,158.417,215.833,156.375,1472.833,291,387.250,163
4,31.542,153.542,199.625,198.791,1219.459,291,381.750,163
5,39.333,165.667,212.125,209.250,2370.208,291,327.250,163
6,38.834,156.541,213.917,193.708,1486.792,291,351.667,163
7,38.666,237.959,214.916,207.084,1236.625,291,311.208,163
8,38.333,148.625,241.667,163.291,3212.084,291,303.916,163
9,31.084,143.541,195.959,154.416,1474.250,291,401.917,163
10,30.750,146.125,227.000,165.209,1970.500,291,403.333,163
11,40.792,157.583,200.792,191.083,1576.584,291,287.500,163
12,21.041,148.125,194.875,139.792,1470.083,291,300.250,163
13,21.708,262.250,215.584,160.583,1207.625,291,330.125,163
14,34.584,174.458,208.750,176.167,3036.625,291,306.166,163
15,27.875,141.709,194.416,155.959,1217.333,291,316.625,163
16,22.291,160.000,242.959,160.541,1181.834,291,302.416,163
17,25.625,157.500,222.125,152.000,3323.291,291,323.709,163
18,33.875,148.875,195.583,143.792,1176.333,291,297.500,163
19,20.792,186.542,253.416,152.250,1176.375,291,323.459,163
20,37.041,159.625,231.084,168.750,3238.291,291,324.000,163
21,30.250,148.792,204.458,156.042,1183.958,291,344.209,163
22,21.542,187.917,241.541,165.792,1223.125,291,441.458,163
23,45.542,241.083,324.292,217.708,2991.834,291,355.333,163
24,38.792,160.208,212.792,188.500,1109.000,291,454.625,163
25,43.000,168.834,217.250,313.500,1214.333,291,327.208,163
26,121.708,165.875,211.542,179.666,2643.250,291,327.334,163
27,34.875,152.084,205.416,159.417,1074.167,291,297.666,163
28,33.541,180.834,250.416,156.375,1210.625,291,328.584,163
29,41.083,155.792,204.958,210.292,3510.583,291,346.667,163
30,39.833,164.167,209.166,193.792,1249.083,291,375.875,163
31,33.708,173.667,211.167,180.875,1180.833,291,674.042,163
32,54.708,197.875,298.833,236.084,2233.333,291,343.167,163
33,44.667,162.416,207.542,193.792,1195.208,291,331.917,163
34,33.375,158.333,212.959,210.416,1172.834,291,314.791,163
35,33.625,161.417,255.583,184.459,3079.666,291,300.375,163
36,28.875,143.458,197.167,152.292,1212.666,291,317.959,163
37,30.667,178.833,202.959,200.500,1221.375,291,308.416,163
38,31.625,161.125,221.875,212.000,2693.125,291,298.667,163
39,29.291,143.084,194.166,153.042,1169.000,291,317.167,163
40,21.208,147.542,193.833,127.292,1171.750,291,313.541,163
41,37.500,152.875,213.084,170.125,3712.250,291,326.708,163
42,37.083,155.125,197.584,152.000,1168.666,291,374.209,163
43,23.458,148.500,200.584,154.541,1276.459,291,314.000,163
44,33.666,150.459,199.875,225.041,1175.209,291,303.875,163
45,27.791,146.125,199.959,150.166,1426.959,291,295.458,163
46,20.583,141.834,196.625,128.583,1138.875,291,329.708,163
47,25.208,175.417,199.500,156.375,1173.167,291,299.958,163
48,25.875,153.709,227.416,145.834,3334.125,291,296.416,163
49,24.708,141.792,191.333,127.542,1187.083,291,299.459,163
50,21.583,237.625,197.000,137.792,1229.375,291,328.791,163
51,39.958,174.833,209.709,181.541,2760.917,291,403.917,163
52,53.542,171.875,213.583,262.709,1246.750,291,808.208,163
53,146.125,186.125,214.292,223.250,2751.000,291,562.000,163
54,51.250,180.833,224.500,271.708,1247.750,291,434.917,163
55,40.708,205.084,223.875,253.666,1403.834,291,527.291,163
56,53.166,223.625,263.792,208.250,3987.417,291,365.083,163
57,43.709,254.041,224.750,229.542,1348.792,291,553.083,163
58,54.917,303.541,274.792,471.667,4517.041,291,375.834,163
59,53.750,172.333,215.333,206.625,1287.875,291,647.417,163
60,95.875,369.333,439.167,383.375,4048.208,291,349.583,163
61,53.667,166.083,221.667,209.958,1256.208,291,364.667,163
62,46.917,165.458,211.958,202.000,2728.000,291,464.292,163
63,48.042,164.375,209.875,203.417,1237.625,291,336.458,163
64,27.667,147.542,225.416,183.875,1275.667,291,446.167,163
65,81.916,227.084,230.333,206.042,2064.750,291,363.458,163
66,44.958,191.750,211.167,216.541,1299.875,291,330.292,163
67,35.541,155.625,205.417,174.750,1173.083,291,422.542,163
68,32.208,200.292,213.208,198.833,1221.125,291,329.334,163
69,36.750,167.709,205.750,392.750,2523.958,291,373.708,163
70,49.625,184.250,235.125,259.000,1543.917,291,715.708,163
71,53.292,200.708,356.000,289.958,2587.084,291,347.458,163
72,40.583,174.750,209.292,189.292,1246.250,291,291.458,163
73,22.750,147.500,191.584,140.583,1202.667,291,390.625,163
74,38.375,153.750,208.875,176.292,1795.167,291,308.666,163
75,30.083,147.250,205.500,146.042,1463.083,291,281.167,163
76,21.125,137.792,190.417,116.875,1136.250,291,294.583,163
77,29.209,148.291,215.667,162.083,1165.125,291,312.334,163
78,30.792,152.250,200.542,143.333,2152.333,291,340.917,163
79,36.166,152.917,203.250,177.833,1135.000,291,286.834,163
80,21.708,154.084,214.750,136.291,1130.750,291,325.667,163
81,91.083,244.375,226.375,169.209,1536.291,291,359.917,163
82,38.375,154.292,198.291,145.500,1149.709,291,285.000,163
83,20.875,137.625,189.458,116.209,1136.791,291,292.084,163
84,21.958,141.542,223.166,153.167,1190.500,291,425.083,163
85,39.042,151.000,203.958,178.667,1815.875,291,330.250,163
86,33.541,153.125,203.834,154.916,1178.125,291,286.750,163
87,21.458,137.875,190.500,124.917,1160.958,291,282.917,163
88,20.459,134.500,188.958,125.000,1143.083,291,323.417,163
89,29.166,147.042,198.458,181.625,1329.584,291,286.833,163
90,24.375,147.125,191.250,149.083,1154.042,291,299.375,163
91,22.583,142.958,197.250,140.167,1175.292,291,281.791,163
92,20.625,136.834,192.958,117.625,1154.542,291,318.625,163
93,28.583,149.125,211.625,167.958,1581.125,291,301.542,163
94,30.667,146.416,202.750,137.875,1153.459,291,298.791,163
95,25.125,141.959,195.333,127.917,1237.541,291,301.792,163
96,32.666,149.084,206.291,164.167,1841.583,291,342.667,163
97,40.917,164.625,213.791,165.167,1247.750,291,303.292,163
98,28.667,144.750,197.166,135.959,1169.458,291,286.750,163
99,21.041,135.542,193.333,116.334,1146.166,291,284.834,163
100,22.084,144.791,196.625,141.625,1158.500,291,341.709,163
101,50.458,194.125,208.000,246.417,1304.500,291,311.458,163
102,34.916,144.084,196.041,151.000,1151.375,291,283.834,163
103,20.917,136.500,189.500,118.625,1134.667,291,275.458,163
104,20.833,140.750,201.917,129.000,1140.833,291,310.333,163
105,34.167,155.625,269.000,155.625,1175.875,291,303.375,163
106,21.084,137.625,200.083,119.917,1154.625,291,284.125,163
107,20.792,135.250,187.875,113.583,1149.958,291,286.792,163
108,21.959,140.625,190.500,119.625,1133.541,291,338.709,163
109,23.250,149.125,210.208,174.292,1676.125,291,304.041,163
110,27.167,141.500,200.208,130.209,1173.708,291,279.792,163
111,20.084,136.500,187.875,113.916,1147.792,291,280.375,163
112,20.375,136.125,186.916,110.292,1244.875,291,371.875,163
113,31.750,189.875,221.042,250.958,1340.584,291,337.458,163
114,35.792,153.750,208.500,166.292,1212.833,291,298.875,163
115,23.584,137.875,191.416,127.417,1137.250,291,287.125,163
116,20.834,137.416,193.625,122.250,1126.625,291,298.167,163
117,28.292,151.666,199.042,153.750,1562.917,291,303.291,163
118,23.542,144.458,207.500,127.417,1170.041,291,289.125,163
119,21.042,142.583,196.667,126.000,1150.333,291,278.792,163
120,20.500,141.916,206.584,118.208,1151.375,291,290.875,163
121,25.667,142.500,195.042,155.208,1370.167,291,285.333,163
122,21.125,144.500,190.791,134.500,1127.292,291,279.125,163
123,20.333,135.042,187.500,115.000,1150.375,291,280.083,163
124,20.375,142.417,192.958,120.667,1071.917,291,371.458,163
125,45.000,142.458,194.959,142.166,1180.000,291,304.042,163
126,23.500,147.750,204.458,133.917,801.208,291,282.375,163
127,20.958,136.792,188.208,117.542,770.833,291,284.792,163
128,21.000,139.666,196.250,113.667,781.125,291,285.625,163
129,23.417,137.416,188.042,108.500,1222.833,291,309.667,163
130,31.375,191.875,280.708,233.583,1419.834,291,320.000,163
131,38.625,154.750,204.083,142.750,787.667,291,295.458,163
132,22.750,141.750,196.500,130.500,740.875,291,274.833,163
133,20.792,136.583,188.000,114.000,735.542,291,305.917,163
134,26.000,146.125,265.292,138.791,735.459,291,290.750,163
135,23.917,143.292,212.166,164.459,905.791,291,299.834,163
136,24.833,151.750,198.209,138.375,749.458,291,292.625,163
137,20.292,137.166,189.542,115.458,772.125,291,282.959,163
138,20.833,142.750,188.084,111.000,666.000,291,281.125,163
139,20.792,138.750,204.875,119.042,778.041,291,316.750,163
140,24.875,142.500,194.834,125.500,1118.916,291,290.042,163
141,25.625,136.666,193.167,119.250,774.958,291,282.417,163
142,19.875,137.500,190.708,108.084,771.500,291,279.916,163
143,19.958,135.167,186.958,107.667,670.375,291,280.708,163
144,19.750,136.291,199.042,106.750,677.708,291,349.625,163
145,31.792,168.917,201.416,175.334,714.291,291,316.042,163
146,22.959,136.333,188.667,128.083,674.708,291,297.667,163
147,22.458,139.709,196.333,140.417,675.041,291,282.709,163
148,20.417,137.083,188.000,115.167,640.583,291,284.000,163
149,19.917,137.042,188.958,120.458,628.750,291,283.625,163
150,21.500,149.500,268.542,133.041,640.417,291,321.417,163
151,25.584,144.750,217.208,133.958,786.625,291,299.500,163
152,22.625,140.750,206.875,130.209,648.791,291,283.500,163
153,23.042,137.417,188.541,114.209,671.375,291,283.125,163
154,20.541,136.292,193.542,108.583,622.375,291,288.333,163
155,21.000,139.792,192.375,117.083,663.209,291,311.500,163
156,24.959,142.291,249.542,134.917,633.875,291,294.666,163
157,35.958,146.875,195.458,154.875,624.667,291,308.083,163
158,22.334,136.500,200.541,123.834,624.916,291,289.542,163
159,23.250,140.291,202.625,125.167,609.500,291,290.083,163
160,24.708,142.834,194.000,132.166,626.125,291,293.917,163
161,21.542,137.833,190.875,126.833,634.084,291,353.541,163
162,24.291,146.667,241.792,135.333,585.333,291,303.625,163
163,23.667,142.417,211.541,119.375,557.292,291,285.250,163
164,21.875,146.667,192.250,138.750,552.166,291,275.667,163
165,24.000,137.541,187.959,116.500,549.041,291,283.000,163
166,18.584,136.000,186.958,109.708,553.084,291,281.250,163
167,20.000,135.875,191.708,117.750,580.750,291,300.167,163
168,21.917,235.125,266.208,190.167,572.291,291,322.584,163
169,29.125,150.625,215.208,135.792,566.292,291,280.875,163
170,21.583,145.792,189.291,118.750,583.875,291,309.084,163
171,23.458,289.209,202.791,256.834,550.791,291,286.417,163
172,24.083,137.375,189.500,123.250,550.250,291,298.875,163
173,19.750,136.750,193.167,127.458,592.250,291,350.584,163
174,22.792,161.208,197.334,148.375,725.166,291,304.375,163
175,21.291,137.750,189.417,135.500,551.250,291,301.542,163
176,22.375,147.125,197.541,142.542,582.542,291,291.333,163
177,23.500,141.541,194.959,135.833,563.042,291,304.291,163
178,22.959,139.416,196.167,135.583,545.709,291,293.250,163
179,21.750,144.750,217.875,127.917,563.792,291,347.875,163
