operation,items,samples,iterations_per_sample,median_us,p95_us
idle_prepare,16,20,100,0.073,0.090
unchanged_description,16,20,100,8.526,8.701
keyed_reorder,16,20,100,11.298,11.897
scroll_geometry,16,20,100,0.968,0.972
single_label_update,16,20,100,11.338,11.610
theme_palette_switch,16,20,100,3.099,3.224
theme_font_switch,16,20,100,8.307,8.481
idle_prepare,256,20,100,0.070,0.092
unchanged_description,256,20,100,125.789,127.377
keyed_reorder,256,20,100,166.473,168.172
scroll_geometry,256,20,100,13.595,14.347
single_label_update,256,20,100,163.269,165.306
theme_palette_switch,256,20,100,42.513,43.497
theme_font_switch,256,20,100,142.685,144.227
idle_prepare,1000,20,100,0.071,0.072
unchanged_description,1000,20,100,498.333,504.414
keyed_reorder,1000,20,100,659.849,666.448
scroll_geometry,1000,20,100,55.182,57.421
single_label_update,1000,20,100,644.305,648.742
theme_palette_switch,1000,20,100,171.213,172.637
theme_font_switch,1000,20,100,565.964,570.495
