case,count,batch,us_per_op
idle_with_handle,16,0,0.160000
idle_with_handle,16,1,0.152500
idle_with_handle,16,2,0.143340
idle_with_handle,16,3,0.174180
idle_with_handle,16,4,0.184160
idle_with_handle,16,5,0.187500
idle_with_handle,16,6,0.160000
idle_with_handle,16,7,0.145000
idle_with_handle,16,8,0.145000
idle_with_handle,16,9,0.145840
idle_with_handle,16,10,0.143340
idle_with_handle,16,11,0.142500
idle_with_handle,16,12,0.145840
idle_with_handle,16,13,0.144160
idle_with_handle,16,14,0.143320
idle_with_handle,16,15,0.144160
idle_with_handle,16,16,0.145000
idle_with_handle,16,17,0.144160
idle_with_handle,16,18,0.143340
idle_with_handle,16,19,0.144180
wheel_geometry_with_handle,16,0,1.789160
wheel_geometry_with_handle,16,1,1.675820
wheel_geometry_with_handle,16,2,1.678340
wheel_geometry_with_handle,16,3,1.693340
wheel_geometry_with_handle,16,4,1.687500
wheel_geometry_with_handle,16,5,1.675820
wheel_geometry_with_handle,16,6,1.682500
wheel_geometry_with_handle,16,7,1.695840
wheel_geometry_with_handle,16,8,1.650820
wheel_geometry_with_handle,16,9,1.561660
wheel_geometry_with_handle,16,10,1.584160
wheel_geometry_with_handle,16,11,1.690840
wheel_geometry_with_handle,16,12,1.581660
wheel_geometry_with_handle,16,13,1.560840
wheel_geometry_with_handle,16,14,1.561660
wheel_geometry_with_handle,16,15,1.574160
wheel_geometry_with_handle,16,16,1.587500
wheel_geometry_with_handle,16,17,1.564180
wheel_geometry_with_handle,16,18,1.591660
wheel_geometry_with_handle,16,19,1.628320
scrollbar_drag_and_prepare,16,0,3.229160
scrollbar_drag_and_prepare,16,1,3.228320
scrollbar_drag_and_prepare,16,2,3.470820
scrollbar_drag_and_prepare,16,3,3.310840
scrollbar_drag_and_prepare,16,4,3.304180
scrollbar_drag_and_prepare,16,5,3.320000
scrollbar_drag_and_prepare,16,6,3.442500
scrollbar_drag_and_prepare,16,7,3.300000
scrollbar_drag_and_prepare,16,8,3.307500
scrollbar_drag_and_prepare,16,9,3.234160
scrollbar_drag_and_prepare,16,10,3.235000
scrollbar_drag_and_prepare,16,11,3.245000
scrollbar_drag_and_prepare,16,12,3.234180
scrollbar_drag_and_prepare,16,13,3.241680
scrollbar_drag_and_prepare,16,14,3.240000
scrollbar_drag_and_prepare,16,15,3.239180
scrollbar_drag_and_prepare,16,16,3.236660
scrollbar_drag_and_prepare,16,17,3.229160
scrollbar_drag_and_prepare,16,18,3.473340
scrollbar_drag_and_prepare,16,19,3.296680
controlled_split_drag_and_layout,16,0,18.617500
controlled_split_drag_and_layout,16,1,18.195820
controlled_split_drag_and_layout,16,2,18.864180
controlled_split_drag_and_layout,16,3,18.182500
controlled_split_drag_and_layout,16,4,18.086680
controlled_split_drag_and_layout,16,5,17.792500
controlled_split_drag_and_layout,16,6,17.765840
controlled_split_drag_and_layout,16,7,18.010000
controlled_split_drag_and_layout,16,8,17.919180
controlled_split_drag_and_layout,16,9,18.215840
controlled_split_drag_and_layout,16,10,17.855840
controlled_split_drag_and_layout,16,11,18.185000
controlled_split_drag_and_layout,16,12,17.785000
controlled_split_drag_and_layout,16,13,17.881680
controlled_split_drag_and_layout,16,14,17.879160
controlled_split_drag_and_layout,16,15,17.860840
controlled_split_drag_and_layout,16,16,17.695000
controlled_split_drag_and_layout,16,17,17.677500
controlled_split_drag_and_layout,16,18,17.702500
controlled_split_drag_and_layout,16,19,17.693340
idle_with_handle,256,0,0.148320
idle_with_handle,256,1,0.142500
idle_with_handle,256,2,0.145000
idle_with_handle,256,3,0.141660
idle_with_handle,256,4,0.144160
idle_with_handle,256,5,0.141680
idle_with_handle,256,6,0.143340
idle_with_handle,256,7,0.143340
idle_with_handle,256,8,0.145000
idle_with_handle,256,9,0.145000
idle_with_handle,256,10,0.144160
idle_with_handle,256,11,0.142500
idle_with_handle,256,12,0.142500
idle_with_handle,256,13,0.142500
idle_with_handle,256,14,0.144160
idle_with_handle,256,15,0.140840
idle_with_handle,256,16,0.142500
idle_with_handle,256,17,0.145000
idle_with_handle,256,18,0.142500
idle_with_handle,256,19,0.145820
wheel_geometry_with_handle,256,0,13.703340
wheel_geometry_with_handle,256,1,13.923340
wheel_geometry_with_handle,256,2,13.952500
wheel_geometry_with_handle,256,3,13.955000
wheel_geometry_with_handle,256,4,14.022500
wheel_geometry_with_handle,256,5,14.850840
wheel_geometry_with_handle,256,6,14.076680
wheel_geometry_with_handle,256,7,14.418320
wheel_geometry_with_handle,256,8,14.540000
wheel_geometry_with_handle,256,9,14.350000
wheel_geometry_with_handle,256,10,14.031660
wheel_geometry_with_handle,256,11,14.419160
wheel_geometry_with_handle,256,12,14.091660
wheel_geometry_with_handle,256,13,14.070840
wheel_geometry_with_handle,256,14,13.409160
wheel_geometry_with_handle,256,15,13.820000
wheel_geometry_with_handle,256,16,14.053340
wheel_geometry_with_handle,256,17,14.014160
wheel_geometry_with_handle,256,18,14.395840
wheel_geometry_with_handle,256,19,14.515840
scrollbar_drag_and_prepare,256,0,10.184180
scrollbar_drag_and_prepare,256,1,10.280000
scrollbar_drag_and_prepare,256,2,10.272500
scrollbar_drag_and_prepare,256,3,10.126660
scrollbar_drag_and_prepare,256,4,10.207500
scrollbar_drag_and_prepare,256,5,11.104160
scrollbar_drag_and_prepare,256,6,10.730840
scrollbar_drag_and_prepare,256,7,10.124180
scrollbar_drag_and_prepare,256,8,10.237500
scrollbar_drag_and_prepare,256,9,10.490000
scrollbar_drag_and_prepare,256,10,10.185000
scrollbar_drag_and_prepare,256,11,10.190820
scrollbar_drag_and_prepare,256,12,10.235000
scrollbar_drag_and_prepare,256,13,10.184160
scrollbar_drag_and_prepare,256,14,10.174160
scrollbar_drag_and_prepare,256,15,10.233340
scrollbar_drag_and_prepare,256,16,10.155000
scrollbar_drag_and_prepare,256,17,10.238340
scrollbar_drag_and_prepare,256,18,10.175840
scrollbar_drag_and_prepare,256,19,10.173320
controlled_split_drag_and_layout,256,0,106.148340
controlled_split_drag_and_layout,256,1,105.735000
controlled_split_drag_and_layout,256,2,107.584160
controlled_split_drag_and_layout,256,3,105.904160
controlled_split_drag_and_layout,256,4,107.196660
controlled_split_drag_and_layout,256,5,105.251680
controlled_split_drag_and_layout,256,6,106.225000
controlled_split_drag_and_layout,256,7,105.605000
controlled_split_drag_and_layout,256,8,108.028340
controlled_split_drag_and_layout,256,9,106.680840
controlled_split_drag_and_layout,256,10,107.524180
controlled_split_drag_and_layout,256,11,106.995000
controlled_split_drag_and_layout,256,12,105.904160
controlled_split_drag_and_layout,256,13,105.484180
controlled_split_drag_and_layout,256,14,107.375000
controlled_split_drag_and_layout,256,15,108.091680
controlled_split_drag_and_layout,256,16,106.431660
controlled_split_drag_and_layout,256,17,107.840000
controlled_split_drag_and_layout,256,18,106.111660
controlled_split_drag_and_layout,256,19,106.484160
idle_with_handle,1000,0,0.142500
idle_with_handle,1000,1,0.144160
idle_with_handle,1000,2,0.145820
idle_with_handle,1000,3,0.140840
idle_with_handle,1000,4,0.141660
idle_with_handle,1000,5,0.143320
idle_with_handle,1000,6,0.143340
idle_with_handle,1000,7,0.143340
idle_with_handle,1000,8,0.145000
idle_with_handle,1000,9,0.144180
idle_with_handle,1000,10,0.140840
idle_with_handle,1000,11,0.140840
idle_with_handle,1000,12,0.142500
idle_with_handle,1000,13,0.141660
idle_with_handle,1000,14,0.141660
idle_with_handle,1000,15,0.145000
idle_with_handle,1000,16,0.140000
idle_with_handle,1000,17,0.142500
idle_with_handle,1000,18,0.142500
idle_with_handle,1000,19,0.143340
wheel_geometry_with_handle,1000,0,57.628340
wheel_geometry_with_handle,1000,1,58.005000
wheel_geometry_with_handle,1000,2,57.560000
wheel_geometry_with_handle,1000,3,55.913340
wheel_geometry_with_handle,1000,4,56.745000
wheel_geometry_with_handle,1000,5,57.383320
wheel_geometry_with_handle,1000,6,56.443340
wheel_geometry_with_handle,1000,7,56.425000
wheel_geometry_with_handle,1000,8,56.903340
wheel_geometry_with_handle,1000,9,56.655000
wheel_geometry_with_handle,1000,10,56.499160
wheel_geometry_with_handle,1000,11,56.378340
wheel_geometry_with_handle,1000,12,57.645000
wheel_geometry_with_handle,1000,13,57.095000
wheel_geometry_with_handle,1000,14,57.589160
wheel_geometry_with_handle,1000,15,57.421660
wheel_geometry_with_handle,1000,16,57.322500
wheel_geometry_with_handle,1000,17,58.360820
wheel_geometry_with_handle,1000,18,56.660000
wheel_geometry_with_handle,1000,19,56.828320
scrollbar_drag_and_prepare,1000,0,35.150000
scrollbar_drag_and_prepare,1000,1,34.897500
scrollbar_drag_and_prepare,1000,2,35.056660
scrollbar_drag_and_prepare,1000,3,33.990840
scrollbar_drag_and_prepare,1000,4,34.341660
scrollbar_drag_and_prepare,1000,5,34.373320
scrollbar_drag_and_prepare,1000,6,34.086660
scrollbar_drag_and_prepare,1000,7,36.168320
scrollbar_drag_and_prepare,1000,8,34.909180
scrollbar_drag_and_prepare,1000,9,35.966660
scrollbar_drag_and_prepare,1000,10,34.373320
scrollbar_drag_and_prepare,1000,11,34.397500
scrollbar_drag_and_prepare,1000,12,34.765840
scrollbar_drag_and_prepare,1000,13,34.264160
scrollbar_drag_and_prepare,1000,14,34.682500
scrollbar_drag_and_prepare,1000,15,35.228340
scrollbar_drag_and_prepare,1000,16,35.209160
scrollbar_drag_and_prepare,1000,17,34.316660
scrollbar_drag_and_prepare,1000,18,34.223320
scrollbar_drag_and_prepare,1000,19,34.630840
controlled_split_drag_and_layout,1000,0,389.796660
controlled_split_drag_and_layout,1000,1,387.319160
controlled_split_drag_and_layout,1000,2,389.795000
controlled_split_drag_and_layout,1000,3,386.825840
controlled_split_drag_and_layout,1000,4,386.342500
controlled_split_drag_and_layout,1000,5,386.841660
controlled_split_drag_and_layout,1000,6,385.969160
controlled_split_drag_and_layout,1000,7,390.583320
controlled_split_drag_and_layout,1000,8,386.450820
controlled_split_drag_and_layout,1000,9,385.662500
controlled_split_drag_and_layout,1000,10,386.211660
controlled_split_drag_and_layout,1000,11,385.295820
controlled_split_drag_and_layout,1000,12,392.242500
controlled_split_drag_and_layout,1000,13,385.290000
controlled_split_drag_and_layout,1000,14,388.056660
controlled_split_drag_and_layout,1000,15,383.629160
controlled_split_drag_and_layout,1000,16,386.425000
controlled_split_drag_and_layout,1000,17,385.868340
controlled_split_drag_and_layout,1000,18,386.155000
controlled_split_drag_and_layout,1000,19,386.395840
